YEAR,PARTY,VOTES,polled_votes
1967,AIFB,44714,15310702
1967,BJS,22745,15310702
1967,CPI,275932,15310702
1967,CPM,623114,15310702
1967,DMK,6230552,15310702
1967,INC,6293378,15310702
1967,IND,757373,15310702
1967,PSP,136188,15310702
1967,RPI,31286,15310702
1967,SSP,84188,15310702
1967,SWA,811232,15310702
1971,AIFB,268721,15756801
1971,BJS,9516,15756801
1971,CPI,364803,15756801
1971,CPM,259298,15756801
1971,DMK,7654935,15756801
1971,IND,965379,15756801
1971,IUML,69634,15756801
1971,NCO,5513894,15756801
1971,PSP,147985,15756801
1971,SOP,37491,15756801
1971,SWA,465145,15756801
1977,ADMK,5194876,17108146
1977,AIFB,50831,17108146
1977,CPI,496955,17108146
1977,CPM,477835,17108146
1977,DMK,4258771,17108146
1977,HMS,423,17108146
1977,INC,2994535,17108146
1977,IND,778332,17108146
1977,JNP,2851884,17108146
1977,RPI,3704,17108146
1980,ADMK,7303010,18845006
1980,AIFB,65536,18845006
1980,BJP,13177,18845006
1980,CPI,501032,18845006
1980,CPM,596406,18845006
1980,DMK,4164389,18845006
1980,GKC,322440,18845006
1980,INC,3941900,18845006
1980,INC(U),52119,18845006
1980,IND,1352622,18845006
1980,JNP,524976,18845006
1980,JNP(SR),762,18845006
1980,RPI,6637,18845006
1984,ADMK,8030809,21686473
1984,AKD,47212,21686473
1984,BJP,54390,21686473
1984,CPI,567527,21686473
1984,CPM,597622,21686473
1984,DMK,6362770,21686473
1984,GKC,120704,21686473
1984,ICJ,110121,21686473
1984,INC,3529708,21686473
1984,IND,1619921,21686473
1984,JNP,493374,21686473
1984,TNC,152315,21686473
1989,ADK(JL),5098687,24111468
1989,ADK(JR),2214965,24111468
1989,ADMK,148630,24111468
1989,AIFB,30657,24111468
1989,BJP,84865,24111468
1989,CPI,295170,24111468
1989,CPM,851351,24111468
1989,DMK,8001222,24111468
1989,ICJ(BG),1522,24111468
1989,ICS(SCS),2728,24111468
1989,IFT,43505,24111468
1989,INC,4780714,24111468
1989,IND,2164484,24111468
1989,IUML,86912,24111468
1989,JNP,282647,24111468
1989,LKD,257,24111468
1989,TNC(K),23152,24111468
1991,ADMK,10940966,24649408
1991,AIFB,38460,24649408
1991,AJP,329,24649408
1991,AMI,15407,24649408
1991,BJP,419229,24649408
1991,BSP,3481,24649408
1991,CPI,305143,24649408
1991,CPM,777532,24649408
1991,DMK,5535668,24649408
1991,GMK,53,24649408
1991,ICS(SCS),57249,24649408
1991,IFTP,6325,24649408
1991,IJP,76,24649408
1991,IML,7618,24649408
1991,INC,3743859,24649408
1991,IND,390227,24649408
1991,IPF,1005,24649408
1991,IUML,64307,24649408
1991,JD,415947,24649408
1991,JP,51564,24649408
1991,LKD,206,24649408
1991,MGMK,91,24649408
1991,MPP,184,24649408
1991,PMK,1452982,24649408
1991,PMM,67,24649408
1991,RPI,802,24649408
1991,TDI,642,24649408
1991,TLK,149,24649408
1991,TMC,371645,24649408
1991,TMM,40275,24649408
1991,TMUL,7821,24649408
1991,UMSK,99,24649408
1996,ADMK,5831383,27154721
1996,AIFB,75324,27154721
1996,AIIC(T),209942,27154721
1996,AIVMK,366,27154721
1996,APMK,137,27154721
1996,ATMK,5557,27154721
1996,BJP,490453,27154721
1996,BMC,52,27154721
1996,BSP,14402,27154721
1996,CPI,575570,27154721
1996,CPI(ML)(L),8907,27154721
1996,CPM,456172,27154721
1996,DMK,11423380,27154721
1996,HRPI,55019,27154721
1996,ICS,2203,27154721
1996,INC,1523340,27154721
1996,IND,1022339,27154721
1996,JD,117801,27154721
1996,JP,150134,27154721
1996,KMK,12800,27154721
1996,MDMK,1569168,27154721
1996,MELPHC,75,27154721
1996,MGRK,207,27154721
1996,MGRM,7099,27154721
1996,MMS,64,27154721
1996,PJP,984,27154721
1996,PMK,1042333,27154721
1996,RPI,14847,27154721
1996,RPI(S),283,27154721
1996,SAP,1990,27154721
1996,SHS,2444,27154721
1996,THMM,87,27154721
1996,TLJ,1357,27154721
1996,TMC,2526474,27154721
1996,TNHVYK,33,27154721
1996,TNKMI,99,27154721
1996,TNMC,127,27154721
1996,TZP,52,27154721
1996,UCPI,11717,27154721
2001,ABHM,580,28037314
2001,ADMK,8815387,28037314
2001,AIFB,39248,28037314
2001,APMK,247,28037314
2001,ATMK,737,28037314
2001,BJP,895352,28037314
2001,BSP,19648,28037314
2001,CNMK,40421,28037314
2001,CPI,444710,28037314
2001,CPI(ML)(L),14040,28037314
2001,CPM,470736,28037314
2001,DFB,3720,28037314
2001,DMK,8669864,28037314
2001,GMK,508,28037314
2001,INC,696205,28037314
2001,IND,1728440,28037314
2001,IUML,30497,28037314
2001,JD(S),64468,28037314
2001,JD(U),13978,28037314
2001,JP,25389,28037314
2001,KAADMK,572,28037314
2001,LJNSP,9340,28037314
2001,LJSP,598,28037314
2001,MDMK,1433943,28037314
2001,MGRK,136916,28037314
2001,MNK(PLP),35271,28037314
2001,MTD,257126,28037314
2001,NCP,12053,28037314
2001,NVMK,277,28037314
2001,PB,71161,28037314
2001,PMK,1557500,28037314
2001,PNK,196740,28037314
2001,PT,355171,28037314
2001,RJD,1138,28037314
2001,RLD,2850,28037314
2001,RPI,1849,28037314
2001,RSP,1786,28037314
2001,SAP,1651,28037314
2001,SP,21307,28037314
2001,SPSP,1556,28037314
2001,TB,45002,28037314
2001,TDK,9412,28037314
2001,TLK,1560,28037314
2001,TMC,1885726,28037314
2001,TNPP,849,28037314
2001,TYMK,14007,28037314
2001,UCPI,7080,28037314
2001,UPK,698,28037314
2006,ABHM,3855,32991555
2006,ADMK,10768559,32991555
2006,AIFB,103369,32991555
2006,AIFB(S),616,32991555
2006,AIVP,1868,32991555
2006,BDMK,1129,32991555
2006,BJP,666823,32991555
2006,BSP,259336,32991555
2006,CPI,531740,32991555
2006,CPI(ML)(L),8095,32991555
2006,CPM,872674,32991555
2006,DMDK,2764223,32991555
2006,DMK,8728716,32991555
2006,IJP,1469,32991555
2006,INC,2765768,32991555
2006,IND,995345,32991555
2006,IVP,31609,32991555
2006,JD(S),23628,32991555
2006,JD(U),31734,32991555
2006,JJ,592,32991555
2006,JP,5300,32991555
2006,LJP,10979,32991555
2006,LKPT,37325,32991555
2006,MAG,3874,32991555
2006,MDMK,1971565,32991555
2006,NCP,22955,32991555
2006,PMK,1863749,32991555
2006,PNK,5618,32991555
2006,RLD,2424,32991555
2006,RSP,1744,32991555
2006,SBD,203,32991555
2006,SP,67968,32991555
2006,TNJC,8814,32991555
2006,TNMC,331,32991555
2006,UCPI,921,32991555
2006,VAK,316,32991555
2006,VCK,426321,32991555
2011,ABHM,8862,36845373
2011,ADMK,14150289,36845373
2011,ADSMK,1748,36845373
2011,AIFB,88253,36845373
2011,AIJMK,11045,36845373
2011,AIMF,1303,36845373
2011,AIPPMR,4033,36845373
2011,APM,2549,36845373
2011,ATMK,259,36845373
2011,BJP,819577,36845373
2011,BSP,198300,36845373
2011,CPI,727394,36845373
2011,CPI(ML)(L),8477,36845373
2011,CPM,888364,36845373
2011,DMDK,2903828,36845373
2011,DMK,8249991,36845373
2011,IDP,3919,36845373
2011,IJK,218865,36845373
2011,INC,3426432,36845373
2011,IND,1638156,36845373
2011,INL,5851,36845373
2011,JD(U),2732,36845373
2011,JJ,167,36845373
2011,JKNPP,444,36845373
2011,JMM,88502,36845373
2011,JMM(U),855,36845373
2011,KNMK,370044,36845373
2011,LCOP,553,36845373
2011,LJP,12148,36845373
2011,LSP,28514,36845373
2011,MGRTK,2157,36845373
2011,MMKA,10175,36845373
2011,MNMK,181180,36845373
2011,MSK,567,36845373
2011,PB,63764,36845373
2011,PMK,1927783,36845373
2011,PPIS,6446,36845373
2011,PT,146454,36845373
2011,RJD,4546,36845373
2011,RPI,2270,36845373
2011,RPI(A),458,36845373
2011,RSP,945,36845373
2011,SDPI,19034,36845373
2011,SHS,237,36845373
2011,SUCI,744,36845373
2011,TMMK,32949,36845373
2011,UCPI,2325,36845373
2011,UMK,25157,36845373
2011,VCK,555965,36845373
2011,YSP,763,36845373
2016,ABHM,211,43558861
2016,ADMK,17806490,43558861
2016,AIFB,50496,43558861
2016,AIJMK,953,43558861
2016,AIMEM,10289,43558861
2016,AMMK,698,43558861
2016,APMK,1321,43558861
2016,APP,322,43558861
2016,AUK,147,43558861
2016,AWUP,72,43558861
2016,BJP,1235660,43558861
2016,BPF,106,43558861
2016,BSP,97823,43558861
2016,CDF,173,43558861
2016,CPI,340290,43558861
2016,CPI(L),5350,43558861
2016,CPM,307303,43558861
2016,DCLB,1411,43558861
2016,DMDK,1037431,43558861
2016,DMK,13809406,43558861
2016,DMMK,121,43558861
2016,DMSK,281,43558861
2016,DPI,245,43558861
2016,EDP,993,43558861
2016,ETMK,5257,43558861
2016,FDLP,1373,43558861
2016,FIP,1359,43558861
2016,GMI,11683,43558861
2016,GMK,3357,43558861
2016,GP(I),1840,43558861
2016,GPP,710,43558861
2016,ICP,627,43558861
2016,IDMMK,4088,43558861
2016,IJK,36125,43558861
2016,IMMK,608,43558861
2016,INC,2774075,43558861
2016,IND,622512,43558861
2016,IUML,313808,43558861
2016,JD,2785,43558861
2016,JD(S),45,43558861
2016,JJ,189,43558861
2016,JKNPP,297,43558861
2016,JSD,54,43558861
2016,KMDK,167560,43558861
2016,LJP,4150,43558861
2016,MDMK,373713,43558861
2016,MK,582,43558861
2016,MKK,547,43558861
2016,MM(K),2372,43558861
2016,MMK,197150,43558861
2016,MSKK,130,43558861
2016,NCP,11947,43558861
2016,NMK,1534,43558861
2016,NOTA,565077,43558861
2016,NTK,460089,43558861
2016,PMK,2302564,43558861
2016,PPI,4841,43558861
2016,PT,219830,43558861
2016,PTK,246,43558861
2016,RJP,300,43558861
2016,RPI,3411,43558861
2016,RS,307,43558861
2016,RSP,768,43558861
2016,SDP,68188,43558861
2016,SMK,1695,43558861
2016,SP,4550,43558861
2016,SS,13640,43558861
2016,SSP,7930,43558861
2016,SUC,259,43558861
2016,TDK,104,43558861
2016,TMC,230711,43558861
2016,TMK,536,43558861
2016,TMMK,28855,43558861
2016,TP,234,43558861
2016,TSC,655,43558861
2016,TVaK,34012,43558861
2016,UCP,3902,43558861
2016,UMK,1804,43558861
2016,VBM,3519,43558861
2016,VCK,331849,43558861
2016,VTIP,2874,43558861
2016,VTK,1540,43558861
2016,VVIP,910,43558861
2016,WPI,5231,43558861
2016,YSP,10361,43558861
2021,ADMK,15390974,46236492
2021,AITC,963,46236492
2021,AMDK,3157,46236492
2021,AMMK,1085915,46236492
2021,BJP,1213510,46236492
2021,BSP,101326,46236492
2021,CPI,504537,46236492
2021,CPM,390819,46236492
2021,DMDK,200156,46236492
2021,DMK,17430100,46236492
2021,IJK,39288,46236492
2021,INC,1976527,46236492
2021,IND,643805,46236492
2021,IUML,222263,46236492
2021,JD(S),1189,46236492
2021,MIM,3134,46236492
2021,MIP,11602,46236492
2021,MNM,1210337,46236492
2021,NCP,3371,46236492
2021,NOTA,345538,46236492
2021,NPP,1187,46236492
2021,NTK,3041974,46236492
2021,OTH,124035,46236492
2021,PMK,1758774,46236492
2021,PT,39614,46236492
2021,SDPI,28051,46236492
2021,SMK,6583,46236492
2021,VCK,457763,46236492
2026,ACDP,4558,49324119
2026,ADMK,10462146,49324119
2026,AIDMMK,283,49324119
2026,AIFB,4455,49324119
2026,AIJMK,1415,49324119
2026,AIMIML,168,49324119
2026,AIMMK,425,49324119
2026,AIPTMMK,133479,49324119
2026,AIUUK,578,49324119
2026,AIYDP,1203,49324119
2026,AJPK,22964,49324119
2026,AMDMK,295,49324119
2026,AMK,1197,49324119
2026,AMMK,425345,49324119
2026,APTADMK,3034,49324119
2026,ASMK,224,49324119
2026,ASP,321,49324119
2026,BDP,780,49324119
2026,BJCP,276,49324119
2026,BJP,1467024,49324119
2026,BMK,183,49324119
2026,BSP,53369,49324119
2026,CPI,326488,49324119
2026,CPI(ML)L,3983,49324119
2026,CPI(ML)RS,790,49324119
2026,CPM,293817,49324119
2026,DJMK,484,49324119
2026,DMDK,589500,49324119
2026,DMK,11929144,49324119
2026,DMMK,278,49324119
2026,DMSK,2279,49324119
2026,DNA,311,49324119
2026,ETMK,802,49324119
2026,GPI,3235,49324119
2026,ICF,85,49324119
2026,IDMK,2112,49324119
2026,IKK,82,49324119
2026,INC,1661312,49324119
2026,IND,524740,49324119
2026,INL,457,49324119
2026,ISP,224,49324119
2026,IUML,142465,49324119
2026,JJ,584,49324119
2026,KDC,244,49324119
2026,MAK,1008,49324119
2026,MGRMK,131,49324119
2026,MK,46,49324119
2026,MMK,923,49324119
2026,MNK,746,49324119
2026,MSKK,149,49324119
2026,NIP,4474,49324119
2026,NJP,588,49324119
2026,NKMK,200,49324119
2026,NMK,10471,49324119
2026,NMSP,278,49324119
2026,NNNMEK,1466,49324119
2026,NOTA,199801,49324119
2026,NTK,1972537,49324119
2026,OMNP,508,49324119
2026,Others,7434,49324119
2026,PMK,1070745,49324119
2026,PMTDK,2651,49324119
2026,PRP,291,49324119
2026,PSS,130,49324119
2026,PT,93652,49324119
2026,RJD,402,49324119
2026,RPI,1692,49324119
2026,RPI(A),11810,49324119
2026,RSD(R),1760,49324119
2026,SMNK,5144,49324119
2026,SP,712,49324119
2026,TDK,120,49324119
2026,TDMK,1109,49324119
2026,TK,2416,49324119
2026,TMC,186,49324119
2026,TMGMK,71,49324119
2026,TMK,2056,49324119
2026,TMMDK,319,49324119
2026,TMMK,998,49324119
2026,TMNK,1555,49324119
2026,TNIK,355,49324119
2026,TPK,505,49324119
2026,TPMK,4020,49324119
2026,TTNP,642,49324119
2026,TVK,17226209,49324119
2026,TVVK,74809,49324119
2026,VBA,1027,49324119
2026,VCK,540056,49324119
2026,VKK,211,49324119
2026,VKVIP,498,49324119
2026,VTK,3576,49324119
2026,VTNMK,635,49324119
2026,VTVTK,5624,49324119
2026,VVP,235,49324119
