constituency,1967,1971,1977,1980,1984,1989,1991,1996,2001,2006,2011,2016,2021,2026
Acharapakkam,Others,DMK,ADMK,ADMK,ADMK,DMK,ADMK,DMK,PMK,DMK,,,,
Aduthurai,INC,DMK,,,,,,,,,,,,
Alandur,,,ADMK,ADMK,DMK,DMK,ADMK,DMK,ADMK,DMK,DMDK,DMK,DMK,TVK
Alangudi,DMK,DMK,INC,ADMK,ADMK,DMK,ADMK,IND,ADMK,CPI,ADMK,DMK,DMK,DMK
Alangulam,DMK,DMK,ADMK,Others,ADMK,INC,INC,DMK,ADMK,DMK,ADMK,DMK,ADMK,DMK
Ambasamudram,INC,NCO,CPM,CPM,ADMK,INC,ADMK,DMK,ADMK,DMK,ADMK,ADMK,ADMK,ADMK
Ambattur,,,,,,,,,,,ADMK,ADMK,DMK,TVK
Ambur,DMK,DMK,,,,,,,,,MNMK,ADMK,DMK,DMK
Anaicut,,,ADMK,ADMK,ADMK,DMK,ADMK,DMK,ADMK,ADMK,PMK,DMK,DMK,ADMK
Andhiyur,DMK,DMK,ADMK,ADMK,ADMK,Others,ADMK,DMK,PMK,DMK,ADMK,ADMK,DMK,ADMK
Andimadam,DMK,DMK,ADMK,ADMK,ADMK,DMK,INC,PMK,PMK,DMK,,,,
Andipatti,Others,Others,ADMK,ADMK,ADMK,DMK,ADMK,DMK,ADMK,ADMK,ADMK,ADMK,DMK,DMK
Anna Nagar,,,DMK,DMK,DMK,DMK,INC,DMK,DMK,DMK,ADMK,DMK,DMK,TVK
Arakkonam,DMK,DMK,ADMK,ADMK,DMK,DMK,INC,DMK,ADMK,DMK,ADMK,ADMK,ADMK,TVK
Arani,DMK,DMK,ADMK,ADMK,ADMK,DMK,ADMK,DMK,ADMK,DMK,DMDK,ADMK,ADMK,ADMK
Aranthangi,DMK,DMK,ADMK,ADMK,ADMK,Others,TMC,ADMK,MDMK,DMK,ADMK,ADMK,INC,TVK
Aravakurichi,Others,MUL,INC,ADMK,ADMK,DMK,ADMK,DMK,ADMK,DMK,DMK,ADMK,DMK,DMK
Arcot,DMK,DMK,ADMK,ADMK,ADMK,DMK,ADMK,DMK,ADMK,PMK,ADMK,DMK,DMK,ADMK
Ariyalur,INC,DMK,DMK,DMK,ADMK,DMK,ADMK,TMC,ADMK,INC,ADMK,ADMK,DMK,ADMK
Aruppukkottai,Others,Others,ADMK,ADMK,ADMK,DMK,ADMK,DMK,ADMK,DMK,ADMK,DMK,DMK,DMK
Athoor,DMK,DMK,ADMK,ADMK,ADMK,DMK,ADMK,DMK,ADMK,DMK,DMK,DMK,DMK,DMK
Attur,DMK,DMK,INC,INC,INC,DMK,ADMK,DMK,ADMK,INC,ADMK,ADMK,ADMK,ADMK
Avadi,,,,,,,,,,,ADMK,ADMK,DMK,TVK
Avanashi,Others,IND,INC,CPI,ADMK,Others,ADMK,DMK,ADMK,ADMK,ADMK,ADMK,ADMK,TVK
Bargur,,,ADMK,ADMK,ADMK,Others,ADMK,DMK,ADMK,ADMK,ADMK,ADMK,DMK,ADMK
Basin Bridge,DMK,DMK,,,,,,,,,,,,
Bhavani,DMK,DMK,ADMK,ADMK,ADMK,IND,ADMK,TMC,ADMK,PMK,ADMK,ADMK,ADMK,ADMK
Bhavanisagar,DMK,DMK,ADMK,ADMK,ADMK,Others,ADMK,DMK,ADMK,DMK,CPI,ADMK,ADMK,TVK
Bhuvanagiri,DMK,IND,DMK,ADMK,ADMK,DMK,ADMK,DMK,IND,ADMK,ADMK,DMK,ADMK,ADMK
Bodinayakkanur,INC,DMK,ADMK,ADMK,INC,Others,ADMK,DMK,ADMK,DMK,ADMK,ADMK,ADMK,DMK
Chengalpattu,DMK,DMK,ADMK,ADMK,ADMK,DMK,ADMK,DMK,PMK,PMK,DMDK,DMK,DMK,TVK
Chengam,DMK,DMK,ADMK,ADMK,ADMK,JNP,ADMK,DMK,INC,INC,DMDK,DMK,DMK,ADMK
Chepauk,,,DMK,DMK,DMK,DMK,INC,DMK,DMK,DMK,DMK,DMK,DMK,DMK
Cheranmahadevi,Others,Others,ADMK,ADMK,ADMK,Others,ADMK,TMC,ADMK,INC,,,,
Cheyyar,DMK,DMK,DMK,DMK,ADMK,DMK,ADMK,DMK,PMK,INC,ADMK,ADMK,DMK,ADMK
Cheyyur,,,,,,,,,,,ADMK,DMK,VCK,ADMK
Chidambaram,INC,DMK,DMK,ADMK,ADMK,DMK,INC,TMC,DMK,ADMK,CPM,ADMK,ADMK,DMK
Coimbatore North,DMK,DMK,ADMK,ADMK,DMK,DMK,INC,DMK,INC,ADMK,ADMK,ADMK,ADMK,TVK
Coimbatore South,CPM,DMK,CPM,CPM,CPM,CPM,INC,TMC,TMC,DMK,ADMK,ADMK,BJP,DMK
Coonoor,DMK,DMK,DMK,DMK,ADMK,DMK,ADMK,DMK,TMC,DMK,DMK,ADMK,DMK,DMK
Cuddalore,DMK,DMK,ADMK,DMK,INC,DMK,INC,DMK,DMK,DMK,ADMK,ADMK,DMK,TVK
Cumbum,DMK,NCO,ADMK,ADMK,ADMK,DMK,INC,TMC,TMC,MDMK,DMK,ADMK,DMK,TVK
Dharapuram,DMK,DMK,ADMK,ADMK,ADMK,DMK,ADMK,DMK,PMK,DMK,ADMK,INC,DMK,ADMK
Dharmapuri,DMK,DMK,JNP,ADMK,DMK,DMK,INC,DMK,PMK,PMK,DMDK,DMK,PMK,PMK
Dindigul,CPM,NCO,CPM,IND,ADMK,CPM,ADMK,DMK,CPM,CPM,CPM,ADMK,ADMK,DMK
Dr. Radhakrishnan Nagar,,,ADMK,INC,INC,DMK,ADMK,DMK,ADMK,ADMK,ADMK,ADMK,DMK,TVK
Edappadi,DMK,DMK,ADMK,ADMK,INC,Others,ADMK,PMK,PMK,PMK,ADMK,ADMK,ADMK,ADMK
Egmore,DMK,DMK,DMK,INC,DMK,DMK,DMK,DMK,DMK,DMK,DMDK,DMK,DMK,TVK
Erode,DMK,DMK,ADMK,ADMK,ADMK,DMK,ADMK,DMK,ADMK,DMK,,,,
Erode East,,,,,,,,,,,DMDK,ADMK,INC,TVK
Erode West,,,,,,,,,,,ADMK,ADMK,DMK,TVK
Gandharvakottai,INC,DMK,,,,,,,,,ADMK,ADMK,CPM,TVK
Gangaikondan,DMK,DMK,,,,,,,,,,,,
Gangavalli,,,,,,,,,,,DMDK,ADMK,ADMK,ADMK
Gingee,DMK,DMK,DMK,DMK,INC,DMK,INC,DMK,ADMK,DMK,PMK,DMK,DMK,PMK
Gobichettipalayam,Others,DMK,ADMK,ADMK,ADMK,Others,ADMK,DMK,ADMK,ADMK,ADMK,ADMK,ADMK,TVK
Gudalur,INC,Others,DMK,DMK,ADMK,INC,ADMK,DMK,ADMK,DMK,DMK,DMK,ADMK,DMK
Gudiyattam,CPM,DMK,CPM,CPM,INC,CPM,INC,DMK,ADMK,CPM,CPI,ADMK,DMK,TVK
Gummidipoondi,DMK,DMK,ADMK,ADMK,ADMK,DMK,ADMK,DMK,ADMK,ADMK,DMDK,ADMK,DMK,TVK
Harbour,IND,IND,DMK,DMK,DMK,DMK,DMK,DMK,DMK,DMK,ADMK,DMK,DMK,DMK
Harur,INC,DMK,CPM,ADMK,ADMK,CPM,INC,DMK,CPI,CPM,CPM,ADMK,ADMK,ADMK
Hosur,Others,Others,INC,INC,INC,INC,INC,JD,INC,INC,INC,ADMK,DMK,ADMK
Ilayangudi,DMK,DMK,CPI,CPI,ADMK,DMK,ADMK,DMK,ADMK,DMK,,,,
Jayankondam,DMK,DMK,ADMK,INC,INC,DMK,INC,DMK,ADMK,ADMK,PMK,ADMK,DMK,PMK
Jolarpet,,,,,,,,,,,ADMK,ADMK,DMK,ADMK
Kadaladi,DMK,DMK,ADMK,ADMK,DMK,DMK,ADMK,DMK,TMC,DMK,,,,
Kadambathur,DMK,DMK,,,,,,,,,,,,
Kadavur,INC,NCO,,,,,,,,,,,,
Kadayanallur,IND,DMK,ADMK,IND,ADMK,DMK,ADMK,DMK,ADMK,INC,ADMK,IUML,ADMK,DMK
Kalasapakkam,INC,DMK,DMK,DMK,ADMK,DMK,INC,DMK,ADMK,ADMK,ADMK,ADMK,DMK,ADMK
Kallakurichi,DMK,DMK,ADMK,INC,IND,DMK,ADMK,DMK,ADMK,DMK,ADMK,ADMK,ADMK,TVK
Kancheepuram,DMK,DMK,ADMK,ADMK,ADMK,DMK,ADMK,DMK,ADMK,PMK,ADMK,DMK,DMK,TVK
Kandamangalam,DMK,DMK,ADMK,ADMK,ADMK,DMK,ADMK,DMK,ADMK,DMK,,,,
Kangayam,INC,DMK,ADMK,ADMK,ADMK,Others,ADMK,DMK,ADMK,INC,ADMK,ADMK,DMK,ADMK
Kaniyambadi,INC,DMK,,,,,,,,,,,,
Kanniyakumari,INC,DMK,ADMK,ADMK,ADMK,DMK,ADMK,DMK,ADMK,DMK,ADMK,DMK,ADMK,ADMK
Kapilamalai,DMK,DMK,ADMK,ADMK,INC,Others,ADMK,DMK,PMK,PMK,,,,
Karaikudi,Others,DMK,ADMK,DMK,ADMK,DMK,ADMK,TMC,BJP,INC,ADMK,INC,INC,TVK
Kariapatti,Others,Others,,,,,,,,,,,,
Karur,INC,DMK,ADMK,ADMK,ADMK,DMK,ADMK,DMK,INC,ADMK,ADMK,ADMK,DMK,ADMK
Katpadi,DMK,DMK,ADMK,CPI,ADMK,DMK,ADMK,DMK,DMK,DMK,DMK,DMK,DMK,TVK
Kattumannarkoil,INC,DMK,DMK,DMK,INC,IND,ADMK,DMK,DMK,VCK,ADMK,ADMK,VCK,VCK
Kaveripattinam,INC,DMK,ADMK,ADMK,AKD,DMK,ADMK,DMK,ADMK,PMK,,,,
Kavundampalayam,,,,,,,,,,,ADMK,ADMK,ADMK,TVK
Killiyoor,INC,NCO,JNP,JNP,JNP,IND,JD,TMC,TMC,INC,INC,INC,INC,INC
Kilpennathur,,,,,,,,,,,ADMK,DMK,DMK,ADMK
Kilvaithinankuppam,,,,,,,,,,,ADMK,ADMK,ADMK,TVK
Kilvelur,,,,,,,,,,,CPM,DMK,CPM,CPI(M)
Kinathukkadavu,DMK,DMK,ADMK,ADMK,ADMK,DMK,ADMK,DMK,ADMK,ADMK,ADMK,ADMK,ADMK,TVK
Kodavasal,DMK,DMK,,,,,,,,,,,,
Kolathur,,,INC,ADMK,ADMK,Others,ADMK,DMK,ADMK,ADMK,DMK,DMK,DMK,TVK
Kollachal,INC,NCO,JNP,DMK,ADMK,INC,INC,DMK,ADMK,INC,INC,INC,INC,INC
Kottur,CPI,CPI,,,,,,,,,,,,
Kovilpatti,CPI,CPI,CPI,CPI,INC,CPI,ADMK,CPI,CPI,ADMK,ADMK,ADMK,ADMK,DMK
Krishnagiri,INC,DMK,ADMK,ADMK,ADMK,DMK,ADMK,DMK,ADMK,DMK,ADMK,DMK,ADMK,TVK
Krishnarajapuram,DMK,DMK,ADMK,INC,INC,Others,ADMK,DMK,ADMK,DMK,ADMK,ADMK,DMK,TVK
Kulithalai,DMK,DMK,INC,CPI,ADMK,Others,ADMK,DMK,ADMK,DMK,ADMK,DMK,DMK,DMK
Kumarapalayam,,,,,,,,,,,ADMK,ADMK,ADMK,TVK
Kumbakonam,INC,NCO,ADMK,INC,INC,DMK,ADMK,DMK,DMK,DMK,DMK,DMK,DMK,TVK
Kunnam,,,,,,,,,,,DMK,ADMK,DMK,DMK
Kunnathur,DMK,DMK,,,,,,,,,,,,
Kurinjipadi,DMK,DMK,DMK,ADMK,ADMK,DMK,ADMK,DMK,DMK,DMK,ADMK,DMK,DMK,DMK
Kuttalam,CPM,DMK,DMK,DMK,ADMK,DMK,ADMK,DMK,ADMK,DMK,,,,
Lalgudi,DMK,DMK,ADMK,DMK,INC,DMK,INC,DMK,ADMK,DMK,DMK,DMK,DMK,ADMK
Madathukulam,,,,,,,,,,,ADMK,DMK,ADMK,DMK
Madavaram,,,,,,,,,,,ADMK,DMK,DMK,TVK
Madurai Central,DMK,DMK,ADMK,IND,INC,DMK,INC,TMC,TMC,DMK,DMDK,DMK,DMK,TVK
Madurai East,CPM,DMK,CPM,CPM,ADMK,ADMK,ADMK,DMK,CPM,CPM,ADMK,DMK,DMK,TVK
Madurai North,,,,,,,,,,,ADMK,ADMK,DMK,TVK
Madurai South,,,,,,,,,,,CPM,ADMK,DMK,TVK
Madurai West,CPM,CPI,ADMK,ADMK,DMK,DMK,INC,DMK,ADMK,ADMK,ADMK,ADMK,ADMK,TVK
Maduranthakam,DMK,DMK,DMK,ADMK,DMK,Others,ADMK,DMK,ADMK,INC,ADMK,DMK,ADMK,ADMK
Maduravoyal,,,,,,,,,,,CPM,ADMK,DMK,TVK
Mailam,,,,,,,,,,,ADMK,DMK,PMK,ADMK
Manachanallur,,,,,,,,,,,ADMK,ADMK,DMK,DMK
Manamadurai,Others,DMK,ADMK,IND,INC,DMK,ADMK,CPI,TMC,ADMK,ADMK,ADMK,DMK,TVK
Manapparai,,,,,,,,,,,ADMK,ADMK,DMK,TVK
Mangalur,DMK,DMK,ADMK,ADMK,ADMK,DMK,INC,TMC,DMK,VCK,,,,
Mannargudi,INC,DMK,CPI,CPI,ADMK,DMK,ADMK,CPI,CPI,CPI,DMK,DMK,DMK,AMMK
Marungapuri,,,INC,ADMK,ADMK,ADMK,ADMK,DMK,ADMK,ADMK,,,,
Mayuram,DMK,DMK,DMK,DMK,ADMK,DMK,INC,TMC,BJP,INC,DMDK,ADMK,INC,INC
Melapalayam,IND,MUL,,,,,,,,,,,,
Melmalayanur,DMK,DMK,ADMK,ADMK,ADMK,DMK,INC,DMK,ADMK,PMK,,,,
Melur,,,ADMK,INC,INC,INC,INC,TMC,ADMK,ADMK,ADMK,ADMK,ADMK,INC
Melur North,DMK,DMK,,,,,,,,,,,,
Melur South,DMK,DMK,,,,,,,,,,,,
Mettuppalayam,INC,DMK,ADMK,ADMK,ADMK,INC,ADMK,DMK,ADMK,ADMK,ADMK,ADMK,ADMK,TVK
Mettur,PSP,PSP,ADMK,ADMK,ADMK,CPM,ADMK,DMK,ADMK,PMK,DMDK,ADMK,PMK,ADMK
Modakkurichi,SSP,DMK,ADMK,ADMK,ADMK,DMK,ADMK,DMK,ADMK,INC,ADMK,ADMK,BJP,TVK
Morappur,,,ADMK,ADMK,INC,DMK,ADMK,DMK,ADMK,DMK,,,,
Mudhukulathur,Others,IND,INC,IND,IND,DMK,INC,TMC,ADMK,DMK,ADMK,INC,DMK,DMK
Mugaiyur,DMK,DMK,ADMK,INC,ADMK,DMK,ADMK,DMK,ADMK,PMK,,,,
Musiri,DMK,DMK,ADMK,ADMK,ADMK,Others,ADMK,DMK,ADMK,DMK,ADMK,ADMK,DMK,TVK
Mylapore,DMK,NCO,DMK,ADMK,ADMK,DMK,ADMK,DMK,BJP,ADMK,ADMK,ADMK,DMK,TVK
Nagapattinam,CPM,DMK,CPM,CPM,CPM,CPM,ADMK,DMK,ADMK,CPM,ADMK,ADMK,VCK,DMK
Nagercoil,DMK,Others,ADMK,ADMK,DMK,INC,INC,TMC,MDMK,DMK,ADMK,DMK,BJP,DMK
Namakkal,DMK,DMK,ADMK,ADMK,ADMK,DMK,ADMK,DMK,INC,INC,ADMK,ADMK,DMK,TVK
Nanguneri,INC,DMK,JNP,ADMK,ADMK,DMK,ADMK,CPI,ADMK,INC,ADMK,INC,INC,TVK
Nannilam,INC,DMK,DMK,ADMK,DMK,DMK,ADMK,TMC,TMC,CPI,ADMK,ADMK,ADMK,ADMK
Natham,,,INC,INC,INC,INC,INC,TMC,ADMK,ADMK,ADMK,DMK,ADMK,ADMK
Natrampalli,DMK,DMK,ADMK,ADMK,ADMK,DMK,ADMK,DMK,PMK,DMK,,,,
Nellikuppam,CPM,DMK,CPM,DMK,ADMK,CPM,ADMK,DMK,ADMK,DMK,,,,
Neyveli,,,,,,,,,,,ADMK,DMK,DMK,ADMK
Nilakkottai,DMK,DMK,ADMK,IND,ADMK,INC,INC,TMC,ADMK,ADMK,PT,ADMK,ADMK,TVK
Oddamchatram,DMK,DMK,INC,ADMK,ADMK,DMK,ADMK,DMK,DMK,DMK,DMK,DMK,DMK,DMK
Omalur,DMK,DMK,ADMK,ADMK,INC,Others,ADMK,TMC,ADMK,PMK,ADMK,ADMK,ADMK,ADMK
Orathanadu,DMK,DMK,DMK,INC,ADMK,DMK,ADMK,DMK,ADMK,ADMK,ADMK,DMK,ADMK,DMK
Ottapidaram,Others,Others,INC,CPI,INC,DMK,ADMK,PT,ADMK,ADMK,PT,ADMK,DMK,TVK
Padmanabhapuram,INC,NCO,JNP,JNP,IND,CPM,ADMK,BJP,ADMK,DMK,DMK,DMK,DMK,CPI(M)
Palacodu,INC,DMK,ADMK,ADMK,INC,Others,ADMK,DMK,ADMK,ADMK,ADMK,ADMK,ADMK,ADMK
Palani,DMK,DMK,CPM,CPM,INC,CPM,ADMK,DMK,ADMK,DMK,ADMK,DMK,DMK,ADMK
Palayamkottai,,,ADMK,ADMK,DMK,DMK,ADMK,DMK,DMK,DMK,DMK,DMK,DMK,DMK
Palladam,PSP,PSP,ADMK,ADMK,ADMK,DMK,ADMK,DMK,ADMK,ADMK,ADMK,ADMK,ADMK,TVK
Pallavaram,,,,,,,,,,,ADMK,DMK,DMK,TVK
Pallipet,,,INC,ADMK,ADMK,INC,INC,TMC,ADMK,INC,,,,
Panamarathupatti,DMK,DMK,ADMK,ADMK,ADMK,DMK,ADMK,DMK,ADMK,DMK,,,,
Panruti,DMK,DMK,ADMK,ADMK,ADMK,DMK,PMK,DMK,PMK,PMK,DMDK,ADMK,DMK,ADMK
Papanasam,INC,DMK,INC,INC,INC,INC,INC,TMC,TMC,ADMK,ADMK,ADMK,DMK,IUML
Pappireddippatti,,,,,,,,,,,ADMK,ADMK,ADMK,ADMK
Paramakudi,DMK,DMK,ADMK,ADMK,ADMK,Others,ADMK,DMK,TMC,INC,ADMK,ADMK,DMK,DMK
Paramathi-Velur,,,,,,,,,,,ADMK,DMK,ADMK,ADMK
Park Town,Others,Others,DMK,DMK,DMK,DMK,INC,DMK,TMC,ADMK,,,,
Pattukkottai,PSP,PSP,INC,ADMK,ADMK,DMK,ADMK,DMK,TMC,INC,INC,ADMK,DMK,DMK
Pennagaram,INC,DMK,JNP,Others,ADMK,IND,ADMK,PMK,PMK,DMK,CPI,DMK,PMK,TVK
Perambalur,DMK,DMK,ADMK,DMK,INC,CPI,ADMK,DMK,ADMK,DMK,ADMK,ADMK,DMK,TVK
Perambur,DMK,DMK,DMK,DMK,DMK,DMK,ADMK,DMK,CPM,CPM,CPM,ADMK,DMK,TVK
Peranamallur,DMK,DMK,ADMK,ADMK,ADMK,DMK,ADMK,DMK,ADMK,PMK,,,,
Peravurani,DMK,IND,ADMK,ADMK,ADMK,INC,INC,TMC,TMC,ADMK,DMDK,ADMK,DMK,DMK
Periyakulam,DMK,DMK,ADMK,ADMK,ADMK,DMK,ADMK,DMK,ADMK,ADMK,CPM,ADMK,DMK,TVK
Pernambattu,DMK,DMK,ADMK,ADMK,ADMK,DMK,ADMK,DMK,ADMK,DMK,,,,
Perundurai,SSP,CPI,ADMK,CPI,ADMK,Others,ADMK,CPI,ADMK,ADMK,ADMK,ADMK,ADMK,ADMK
Perur,CPM,CPI,DMK,ADMK,DMK,DMK,ADMK,DMK,ADMK,ADMK,,,,
Pollachi,DMK,DMK,ADMK,ADMK,ADMK,Others,ADMK,DMK,ADMK,ADMK,ADMK,ADMK,ADMK,DMK
Polur,DMK,DMK,ADMK,INC,INC,DMK,ADMK,DMK,ADMK,INC,ADMK,DMK,ADMK,TVK
Pongalur,DMK,DMK,ADMK,ADMK,ADMK,INC,INC,TMC,ADMK,DMK,,,,
Ponneri,DMK,DMK,ADMK,ADMK,ADMK,DMK,ADMK,DMK,CPI,ADMK,ADMK,ADMK,INC,TVK
Poompuhar,,,DMK,ADMK,ADMK,DMK,ADMK,DMK,ADMK,PMK,ADMK,ADMK,DMK,DMK
Poonamallee,,,DMK,DMK,INC,DMK,INC,TMC,PMK,INC,ADMK,ADMK,DMK,TVK
Pudukkottai,INC,NCO,INC,INC,INC,DMK,INC,DMK,ADMK,ADMK,CPI,DMK,DMK,DMK
Purasawalkam,DMK,DMK,DMK,DMK,DMK,DMK,INC,TMC,DMK,DMK,,,,
Radhapuram,INC,DMK,ADMK,Others,Others,INC,INC,TMC,IND,DMK,DMDK,ADMK,DMK,TVK
Rajapalayam,IND,CPI,ADMK,IND,INC,DMK,ADMK,DMK,ADMK,ADMK,ADMK,DMK,DMK,TVK
Ramanathapuram,DMK,DMK,ADMK,ADMK,ADMK,DMK,ADMK,DMK,ADMK,INC,MNMK,ADMK,DMK,DMK
Ranipet,IND,IND,DMK,DMK,INC,IND,ADMK,DMK,ADMK,DMK,ADMK,DMK,DMK,TVK
Rasipuram,DMK,DMK,ADMK,ADMK,ADMK,DMK,ADMK,ADMK,ADMK,DMK,ADMK,ADMK,DMK,TVK
Rishivandiyam,DMK,DMK,INC,INC,INC,DMK,ADMK,TMC,TMC,INC,DMDK,DMK,DMK,DMK
Royapuram,,,DMK,DMK,DMK,DMK,ADMK,DMK,ADMK,ADMK,ADMK,ADMK,DMK,TVK
Saidapet,DMK,DMK,DMK,DMK,ADMK,DMK,ADMK,DMK,DMK,ADMK,ADMK,DMK,DMK,TVK
Salem North,,,,,,,,,,,DMDK,DMK,DMK,TVK
Salem South,,,,,,,,,,,ADMK,ADMK,ADMK,TVK
Salem West,,,,,,,,,,,ADMK,ADMK,PMK,TVK
Salem-I,DMK,DMK,ADMK,ADMK,ADMK,DMK,INC,DMK,ADMK,ADMK,,,,
Salem-Ii,DMK,DMK,JNP,ADMK,ADMK,DMK,ADMK,DMK,PMK,DMK,,,,
Samayanallur,,,ADMK,ADMK,ADMK,DMK,ADMK,DMK,ADMK,DMK,,,,
Sankarankovil,DMK,DMK,DMK,ADMK,ADMK,DMK,ADMK,ADMK,ADMK,ADMK,ADMK,ADMK,DMK,ADMK
Sankarapuram,DMK,DMK,INC,ADMK,ADMK,DMK,ADMK,DMK,PMK,DMK,ADMK,DMK,DMK,ADMK
Sankari,DMK,DMK,ADMK,ADMK,ADMK,DMK,ADMK,DMK,ADMK,DMK,ADMK,ADMK,ADMK,ADMK
Sathyamangalam,INC,DMK,ADMK,ADMK,INC,DMK,ADMK,DMK,ADMK,DMK,,,,
Sattangulam,INC,DMK,JNP,Others,Others,INC,INC,TMC,TMC,INC,,,,
Sattur,Others,Others,ADMK,ADMK,ADMK,DMK,TMC,DMK,DMK,DMK,ADMK,ADMK,DMK,DMK
Sedapatti,Others,Others,ADMK,ADMK,ADMK,DMK,ADMK,DMK,ADMK,ADMK,,,,
Sembanarkoil,DMK,DMK,,,,,,,,,,,,
Senthamangalam,INC,DMK,ADMK,ADMK,ADMK,Others,ADMK,DMK,ADMK,DMK,DMDK,ADMK,DMK,TVK
Sholavandan,DMK,DMK,ADMK,INC,INC,DMK,ADMK,DMK,ADMK,DMK,ADMK,ADMK,DMK,TVK
Sholingur,DMK,NCO,ADMK,ADMK,ADMK,INC,INC,TMC,ADMK,INC,DMDK,ADMK,INC,TVK
Shozhinganallur,,,,,,,,,,,ADMK,DMK,DMK,TVK
Singanallur,PSP,PSP,CPM,DMK,JNP,DMK,ADMK,DMK,CPM,ADMK,ADMK,DMK,ADMK,TVK
Sirkazhi,IND,CPI,DMK,ADMK,ADMK,DMK,ADMK,DMK,ADMK,DMK,ADMK,ADMK,DMK,DMK
Sivaganga,DMK,DMK,INC,INC,INC,DMK,ADMK,DMK,ADMK,CPI,CPI,ADMK,ADMK,TVK
Sivakasi,Others,DMK,JNP,ADMK,ADMK,DMK,ADMK,TMC,TMC,MDMK,ADMK,ADMK,INC,TVK
Sriperumbudur,DMK,DMK,ADMK,INC,INC,DMK,INC,DMK,INC,INC,ADMK,ADMK,INC,TVK
Srirangam,INC,NCO,ADMK,ADMK,ADMK,JNP,ADMK,DMK,ADMK,ADMK,ADMK,ADMK,DMK,TVK
Srivaikuntam,DMK,DMK,ADMK,ADMK,INC,INC,INC,DMK,ADMK,INC,ADMK,ADMK,INC,TVK
Srivilliputhur,DMK,DMK,ADMK,ADMK,ADMK,DMK,IND,ADMK,ADMK,CPI,CPI,ADMK,ADMK,TVK
St Thomas Mount,DMK,DMK,,,,,,,,,,,,
Sulur,,,,,,,,,,,DMDK,ADMK,ADMK,TVK
Talavasal,DMK,DMK,ADMK,INC,INC,DMK,INC,TMC,ADMK,DMK,,,,
Tambaram,,,ADMK,DMK,ADMK,DMK,INC,DMK,DMK,DMK,ADMK,DMK,DMK,TVK
Taramangalam,DMK,DMK,INC,IND,ADMK,Others,INC,PMK,PMK,PMK,,,,
Tenkasi,INC,DMK,INC,ADMK,INC,INC,INC,TMC,ADMK,DMK,ADMK,ADMK,INC,DMK
Thalli,,,INC,INC,INC,JNP,INC,CPI,BJP,IND,CPI,DMK,CPI,CPI
Thandarambattu,INC,DMK,DMK,DMK,ADMK,DMK,ADMK,TMC,DMK,DMK,,,,
Thanjavur,INC,DMK,DMK,DMK,INC,DMK,ADMK,DMK,DMK,DMK,ADMK,ADMK,DMK,TVK
Theni,DMK,DMK,ADMK,ADMK,ADMK,DMK,ADMK,TMC,ADMK,ADMK,,,,
Thirumaiyam,DMK,DMK,INC,INC,INC,DMK,ADMK,TMC,ADMK,INC,ADMK,DMK,DMK,DMK
Thirumangalam,INC,Others,ADMK,INC,INC,DMK,ADMK,DMK,ADMK,MDMK,ADMK,ADMK,ADMK,DMK
Thirunavalur,,,ADMK,DMK,ADMK,DMK,ADMK,DMK,ADMK,ADMK,,,,
Thiruporur,,,,,,,,,,,ADMK,ADMK,VCK,TVK
Thirupparankundram,DMK,DMK,ADMK,ADMK,ADMK,DMK,ADMK,DMK,ADMK,ADMK,DMDK,ADMK,ADMK,TVK
Thiruthuraipoondi,DMK,CPI,CPI,CPM,CPI,CPI,CPI,CPI,CPI,CPI,CPI,DMK,CPI,CPI
Thiruvaiyaru,DMK,DMK,DMK,ADMK,ADMK,DMK,ADMK,DMK,ADMK,DMK,ADMK,DMK,DMK,DMK
Thiruvallur,DMK,DMK,ADMK,ADMK,ADMK,DMK,ADMK,DMK,TMC,DMK,ADMK,DMK,DMK,TVK
Thiruvarur,CPM,DMK,DMK,CPM,CPM,CPM,CPM,DMK,DMK,DMK,DMK,DMK,DMK,DMK
Thiruvattar,INC,NCO,JNP,CPM,CPM,INC,INC,DMK,CPM,CPM,,,,
Thiruverumbur,INC,DMK,DMK,ADMK,ADMK,CPM,ADMK,DMK,DMK,DMK,DMDK,DMK,DMK,TVK
Thiruvidaimarudur,,,DMK,DMK,INC,DMK,INC,DMK,ADMK,ADMK,DMK,DMK,DMK,DMK
Thiru-Vi-Ka-Nagar,,,,,,,,,,,ADMK,DMK,DMK,TVK
Thiruvonam,,,ADMK,INC,INC,DMK,ADMK,DMK,ADMK,DMK,,,,
Thiruvottiyur,DMK,DMK,ADMK,Others,INC,DMK,ADMK,DMK,ADMK,DMK,ADMK,DMK,DMK,TVK
Thondamuthur,DMK,DMK,ADMK,ADMK,ADMK,CPM,ADMK,DMK,TMC,MDMK,ADMK,ADMK,ADMK,ADMK
Thoothukkudi,DMK,DMK,ADMK,ADMK,ADMK,DMK,ADMK,DMK,ADMK,DMK,ADMK,DMK,DMK,TVK
Thottiyam,DMK,DMK,ADMK,INC,INC,DMK,ADMK,DMK,ADMK,INC,,,,
Thousand Lights,DMK,DMK,DMK,ADMK,ADMK,DMK,ADMK,DMK,DMK,DMK,ADMK,DMK,DMK,TVK
Thuraiyur,,,,,,,,,,,ADMK,DMK,DMK,TVK
Tindivanam,INC,DMK,INC,INC,INC,DMK,INC,DMK,ADMK,ADMK,ADMK,DMK,ADMK,VCK
Tiruchendur,DMK,DMK,ADMK,ADMK,ADMK,DMK,ADMK,DMK,ADMK,ADMK,DMK,DMK,DMK,DMK
Tiruchengodu,DMK,DMK,ADMK,ADMK,ADMK,CPM,ADMK,DMK,ADMK,ADMK,DMDK,ADMK,DMK,TVK
Tiruchirapalli-I,DMK,DMK,ADMK,ADMK,DMK,DMK,ADMK,DMK,DMK,DMK,,,,
Tiruchirapalli-Ii,DMK,DMK,ADMK,ADMK,ADMK,DMK,ADMK,DMK,DMK,DMK,,,,
Tiruchirappalli East,,,,,,,,,,,ADMK,ADMK,DMK,TVK
Tiruchirappalli West,,,,,,,,,,,ADMK,DMK,DMK,DMK
Tiruchuli,,,,,,,,,,,DMK,DMK,DMK,DMK
Tirukkoyilur,INC,DMK,,,,,,,,,DMDK,DMK,DMK,ADMK
Tirunelveli,DMK,DMK,ADMK,ADMK,ADMK,DMK,ADMK,DMK,ADMK,DMK,ADMK,DMK,BJP,TVK
Tirupathur,DMK,DMK,CPI,INC,ADMK,DMK,ADMK,DMK,ADMK,DMK,DMK,DMK,DMK,TVK
Tiruppattur,DMK,DMK,DMK,DMK,INC,DMK,ADMK,DMK,PMK,PMK,ADMK,DMK,DMK,TVK
Tirupporur,DMK,DMK,DMK,DMK,ADMK,DMK,ADMK,DMK,ADMK,PMK,,,,
Tiruppur,DMK,DMK,ADMK,ADMK,CPI,CPM,ADMK,CPI,ADMK,CPM,,,,
Tiruppur North,,,,,,,,,,,ADMK,ADMK,ADMK,TVK
Tiruppur South,,,,,,,,,,,CPM,ADMK,DMK,TVK
Tiruttani,INC,DMK,ADMK,ADMK,ADMK,DMK,ADMK,DMK,PMK,ADMK,DMDK,ADMK,DMK,ADMK
Tiruvadanai,Others,DMK,INC,ADMK,INC,INC,INC,TMC,TMC,INC,DMK,ADMK,INC,TVK
Tiruvannamalai,INC,DMK,DMK,INC,INC,DMK,INC,DMK,DMK,DMK,DMK,DMK,DMK,DMK
Tittakudi,,,,,,,,,,,DMDK,DMK,DMK,DMK
T-Nagar,DMK,NCO,DMK,Others,INC,DMK,ADMK,TMC,DMK,ADMK,ADMK,ADMK,DMK,TVK
Triplicane,DMK,DMK,DMK,INC,DMK,DMK,ADMK,DMK,DMK,ADMK,,,,
Uddanapalle,Others,IND,,,,,,,,,,,,
Udhagamandalam,Others,DMK,ADMK,INC,INC,INC,INC,DMK,INC,INC,ADMK,INC,INC,BJP
Udumalpet,DMK,DMK,ADMK,ADMK,INC,DMK,ADMK,DMK,ADMK,ADMK,ADMK,ADMK,ADMK,DMK
Ulundurpet,INC,DMK,DMK,DMK,ADMK,DMK,ADMK,DMK,ADMK,DMK,ADMK,ADMK,DMK,DMK
Uppiliapuram,DMK,DMK,INC,ADMK,ADMK,Others,ADMK,DMK,ADMK,DMK,,,,
Usilampatti,Others,Others,Others,Others,IND,DMK,ADMK,AIFB,AIFB,ADMK,AIFB,ADMK,ADMK,TVK
Uthangarai,INC,DMK,,,,,,,,,ADMK,ADMK,ADMK,TVK
Uthiramerur,DMK,DMK,ADMK,ADMK,ADMK,DMK,ADMK,DMK,ADMK,DMK,ADMK,DMK,DMK,TVK
Vadamadurai,INC,DMK,,,,,,,,,,,,
Valangiman,DMK,DMK,DMK,ADMK,ADMK,DMK,ADMK,DMK,ADMK,ADMK,,,,
Valparai,DMK,DMK,ADMK,CPI,INC,Others,ADMK,DMK,TMC,INC,CPI,ADMK,ADMK,DMK
Vandavasi,DMK,DMK,ADMK,ADMK,INC,DMK,ADMK,DMK,PMK,DMK,ADMK,DMK,DMK,DMK
Vaniyambadi,INC,IND,IND,ADMK,INC,DMK,INC,DMK,IND,DMK,ADMK,ADMK,ADMK,IUML
Vanur,DMK,DMK,DMK,DMK,ADMK,DMK,ADMK,DMK,ADMK,ADMK,ADMK,ADMK,ADMK,DMK
Varahur,DMK,DMK,ADMK,ADMK,ADMK,DMK,ADMK,DMK,ADMK,ADMK,,,,
Vasudevanallur,DMK,DMK,CPM,CPM,INC,INC,INC,TMC,TMC,MDMK,ADMK,ADMK,DMK,DMK
Vedaranyam,INC,DMK,DMK,ADMK,DMK,INC,INC,DMK,DMK,DMK,ADMK,ADMK,ADMK,ADMK
Vedasandur,CPM,DMK,ADMK,ADMK,ADMK,Others,ADMK,DMK,ADMK,INC,ADMK,ADMK,DMK,DMK
Veerapandi,DMK,DMK,ADMK,ADMK,ADMK,DMK,ADMK,DMK,ADMK,DMK,ADMK,ADMK,ADMK,TVK
Velachery,,,,,,,,,,,ADMK,DMK,INC,TVK
Vellakoil,DMK,DMK,INC,ADMK,ADMK,Others,ADMK,DMK,DMK,DMK,,,,
Vellore,DMK,DMK,ADMK,DMK,DMK,DMK,INC,TMC,TMC,INC,ADMK,DMK,DMK,TVK
Veppanahalli,,,,,,,,,,,DMK,DMK,ADMK,DMK
Vikravandi,,,,,,,,,,,CPM,DMK,DMK,PMK
Vilathikulam,DMK,DMK,ADMK,ADMK,DMK,Others,ADMK,DMK,ADMK,ADMK,ADMK,ADMK,DMK,DMK
Vilavancode,INC,NCO,CPM,CPM,INC,INC,INC,CPM,CPM,CPM,INC,INC,INC,INC
Villivakkam,,,DMK,ADMK,CPM,CPM,INC,TMC,DMK,DMK,ADMK,DMK,DMK,TVK
Villupuram,DMK,DMK,ADMK,DMK,ADMK,DMK,ADMK,DMK,DMK,DMK,ADMK,ADMK,DMK,DMK
Viralimalai,DMK,DMK,,,,,,,,,ADMK,ADMK,ADMK,ADMK
Virudhunagar,DMK,DMK,ADMK,ADMK,JNP,INC,Others,DMK,TMC,MDMK,DMDK,DMK,DMK,TVK
Virugampakkam,,,,,,,,,,,DMDK,ADMK,DMK,TVK
Vridhachalam,INC,DMK,ADMK,INC,INC,JNP,ADMK,DMK,PMK,DMDK,DMDK,ADMK,INC,DMDK
Washermanpet,DMK,DMK,,,,,,,,,,,,
Yercaud,DMK,DMK,ADMK,ADMK,INC,Others,ADMK,DMK,ADMK,DMK,ADMK,ADMK,ADMK,ADMK
